model,WMAPE,RMSE,MAE,R2
Random Forest,18.909115118639498,42.131845863342306,19.809970026954684,0.8059931863213693
XGBoost,16.05747331388434,32.81209821182577,16.822471618652344,0.8823304686733503
LightGBM,17.82688317942072,38.80402407154723,18.676179146544644,0.8354304277703437
